"","year","plot","Pgrass","Agrass","prgl","Sshrub","forb","litter","bare","sd","total","rare","t2009","t2010","t2011","t2012","t2013","t2014","t2015","t2016","t2017","t2018","ppt2009","ppt2010","ppt2011","ppt2012","ppt2013","ppt2014","ppt2015","ppt2016","ppt2017","ppt2018","meanPPT","pptsd","pptCV","ppt","treat","treat_ppt","total_WUE","Pgrass_WUE","prgl_WUE","gr_sh"
"3",2009,36,45.16512,0,3.94228,6.539,0,0,0.182,0.371,55.6464,6.539,1,1,1,1,1,1,1,1,1,1,73.7,128.8,95,65.6,210.5,191.9,154.94,123.7,214.12,177.04,143.53,54.7472684250091,38.1434323312263,73.7,"ambient",73.7,0.75503934871099,0.612823880597015,0.0534909090909091,0.0708451939388712
"8",2009,25,86.96688,0,5.71404,9.41616,0,0.002,0.013,0.515,102.09708,9.41616,1,1,1,1,1,1,1,1,1,1,73.7,128.8,95,65.6,210.5,191.9,154.94,123.7,214.12,177.04,143.53,54.7472684250091,38.1434323312263,73.7,"ambient",73.7,1.38530637720488,1.18001194029851,0.0775310719131615,0.0559667328389803
"23",2009,39,125.88576,0,2.1014,0.78468,0,0,0.071,0.507,128.77184,0.78468,1,1,1,1,1,1,1,1,1,1,73.7,128.8,95,65.6,210.5,191.9,154.94,123.7,214.12,177.04,143.53,54.7472684250091,38.1434323312263,73.7,"ambient",73.7,1.7472434192673,1.70808358208955,0.0285128900949797,0.0163187852250927
"25",2009,31,39.87984,0,5.22696,0,0,0,0.096,0.617,45.1068,0,1,1,1,1,1,1,1,1,1,1,73.7,128.8,95,65.6,210.5,191.9,154.94,123.7,214.12,177.04,143.53,54.7472684250091,38.1434323312263,73.7,"ambient",73.7,0.612032564450475,0.541110447761194,0.0709221166892809,0.115879645641012
"30",2009,44,102.82272,1.2812,1.80864,0,0,0,0.042,0.468,105.91256,1.2812,1,1,1,1,1,1,1,1,1,1,73.7,128.8,95,65.6,210.5,191.9,154.94,123.7,214.12,177.04,143.53,54.7472684250091,38.1434323312263,73.7,"ambient",73.7,1.43707679782904,1.39515223880597,0.0245405698778833,0.0170767281991862
"32",2009,20,58.61856,0,4.64256,0,0,0.01,0.173,0.416,63.26112,0,1,1,1,1,1,1,1,1,1,1,73.7,128.8,95,65.6,210.5,191.9,154.94,123.7,214.12,177.04,143.53,54.7472684250091,38.1434323312263,73.7,"ambient",73.7,0.858359837177748,0.795367164179104,0.0629926729986432,0.0733872558690077
"35",2009,42,141.26112,0,6.51788,0,0,0,0.053,0.295,147.779,0,1,1,1,1,1,1,1,1,1,1,73.7,128.8,95,65.6,210.5,191.9,154.94,123.7,214.12,177.04,143.53,54.7472684250091,38.1434323312263,73.7,"ambient",73.7,2.00514246947083,1.91670447761194,0.0884379918588874,0.044105590104142
"42",2009,40,96.57648,0,2.03272,7.8468,0,0,0.06,0.493,106.456,7.8468,1,1,1,1,1,1,1,1,1,1,73.7,128.8,95,65.6,210.5,191.9,154.94,123.7,214.12,177.04,143.53,54.7472684250091,38.1434323312263,73.7,"ambient",73.7,1.44445047489824,1.3104,0.0275810040705563,0.0190944615615841
"43",2009,46,86.00592,0,4.48104,0,0,0,0.018,0.449,90.48696,0,1,1,1,1,1,1,1,1,1,1,73.7,128.8,95,65.6,210.5,191.9,154.94,123.7,214.12,177.04,143.53,54.7472684250091,38.1434323312263,73.7,"ambient",73.7,1.22777421981004,1.16697313432836,0.0608010854816825,0.0495213896013304
"46",2009,21,88.8888,0.38436,4.80468,4.70808,0,0,0.111,0.427,98.78592,5.09244,1,1,1,1,1,1,1,1,1,1,73.7,128.8,95,65.6,210.5,191.9,154.94,123.7,214.12,177.04,143.53,54.7472684250091,38.1434323312263,73.7,"ambient",73.7,1.34037883310719,1.20608955223881,0.0651924016282225,0.0486372956793843
"65",2010,40,107.14704,0,3.09024,0.78468,0,0.052,0.032,0.387,111.02196,0.78468,1,1,1,1,1,1,1,1,1,1,73.7,128.8,95,65.6,210.5,191.9,154.94,123.7,214.12,177.04,143.53,54.7472684250091,38.1434323312263,128.8,"ambient",128.8,0.861971739130435,0.831886956521739,0.0239925465838509,0.0278344932840314
"67",2010,31,65.34528,1.9218,19.45376,6.539,9.6908,0,0.038,0.554,102.95064,18.1516,1,1,1,1,1,1,1,1,1,1,73.7,128.8,95,65.6,210.5,191.9,154.94,123.7,214.12,177.04,143.53,54.7472684250091,38.1434323312263,128.8,"ambient",128.8,0.799306211180124,0.507339130434783,0.15103850931677,0.188962011309497
"70",2010,20,102.34224,1.02496,26.00612,0,2.49192,0.032,0.081,0.324,131.86524,3.51688,1,1,1,1,1,1,1,1,1,1,73.7,128.8,95,65.6,210.5,191.9,154.94,123.7,214.12,177.04,143.53,54.7472684250091,38.1434323312263,128.8,"ambient",128.8,1.02379844720497,0.794582608695652,0.201910869565217,0.197217401644285
"72",2010,39,100.9008,0,5.91524,0,8.02952,0.025,0.078,0.389,114.84556,8.02952,1,1,1,1,1,1,1,1,1,1,73.7,128.8,95,65.6,210.5,191.9,154.94,123.7,214.12,177.04,143.53,54.7472684250091,38.1434323312263,128.8,"ambient",128.8,0.891658074534161,0.783391304347826,0.0459257763975155,0.0515060399374604
"82",2010,21,120.60048,0,14.3186,18.57076,13.70556,0.02,0.076,0.274,167.1954,32.27632,1,1,1,1,1,1,1,1,1,1,73.7,128.8,95,65.6,210.5,191.9,154.94,123.7,214.12,177.04,143.53,54.7472684250091,38.1434323312263,128.8,"ambient",128.8,1.29810093167702,0.936339130434783,0.111169254658385,0.0856399159307014
"83",2010,46,136.9368,0,10.83096,0,0,0,0.02,0.26,147.76776,0,1,1,1,1,1,1,1,1,1,1,73.7,128.8,95,65.6,210.5,191.9,154.94,123.7,214.12,177.04,143.53,54.7472684250091,38.1434323312263,128.8,"ambient",128.8,1.1472652173913,1.06317391304348,0.0840913043478261,0.0732971793035233
"91",2010,42,120.60048,0.6406,8.41988,0,3.461,0.003,0.082,0.317,133.12196,4.1016,1,1,1,1,1,1,1,1,1,1,73.7,128.8,95,65.6,210.5,191.9,154.94,123.7,214.12,177.04,143.53,54.7472684250091,38.1434323312263,128.8,"ambient",128.8,1.03355559006211,0.936339130434783,0.0653717391304348,0.0632493692250324
"92",2010,25,69.6696,0,9.58084,10.4624,0,0.142,0.023,0.406,89.71284,10.4624,1,1,1,1,1,1,1,1,1,1,73.7,128.8,95,65.6,210.5,191.9,154.94,123.7,214.12,177.04,143.53,54.7472684250091,38.1434323312263,128.8,"ambient",128.8,0.696528260869565,0.540913043478261,0.0743854037267081,0.106794523504105
"96",2010,44,128.28816,0,3.64744,3.9234,1.79972,0.013,0.03,0.406,137.65872,5.72312,1,1,1,1,1,1,1,1,1,1,73.7,128.8,95,65.6,210.5,191.9,154.94,123.7,214.12,177.04,143.53,54.7472684250091,38.1434323312263,128.8,"ambient",128.8,1.06877888198758,0.996026086956522,0.0283186335403727,0.0264962510184607
"99",2010,36,109.54944,0,23.60952,3.40028,0,0.008,0.072,0.253,136.55924,3.40028,1,1,1,1,1,1,1,1,1,1,73.7,128.8,95,65.6,210.5,191.9,154.94,123.7,214.12,177.04,143.53,54.7472684250091,38.1434323312263,128.8,"ambient",128.8,1.06024254658385,0.850539130434783,0.183303726708075,0.172888484147979
"101",2011,31,82.64256,10.2496,19.32984,0,1.52284,0.003,0,0.552,113.74484,11.77244,1,1,1,1,1,1,1,1,1,1,73.7,128.8,95,65.6,210.5,191.9,154.94,123.7,214.12,177.04,143.53,54.7472684250091,38.1434323312263,95,"ambient",95,1.19731410526316,0.869921684210526,0.203472,0.169940368283959
"103",2011,20,44.68464,1.02496,24.6760668,0,1.10752,0.024,0.044,0.366,71.4931868,2.13248,1,1,1,1,1,1,1,1,1,1,73.7,128.8,95,65.6,210.5,191.9,154.94,123.7,214.12,177.04,143.53,54.7472684250091,38.1434323312263,95,"ambient",95,0.752559861052632,0.470364631578947,0.259748071578947,0.345152704816902
"107",2011,46,147.50736,3.58736,22.3708672,0,1.3844,0,0.02,0.211,174.8499872,4.97176,1,1,1,1,1,1,1,1,1,1,73.7,128.8,95,65.6,210.5,191.9,154.94,123.7,214.12,177.04,143.53,54.7472684250091,38.1434323312263,95,"ambient",95,1.84052618105263,1.55270905263158,0.235482812631579,0.127943201816831
"114",2011,42,188.82864,5.63728,12.0364992,0,0.27688,0.018,0.029,0.23,206.7792992,5.91416,1,1,1,1,1,1,1,1,1,1,73.7,128.8,95,65.6,210.5,191.9,154.94,123.7,214.12,177.04,143.53,54.7472684250091,38.1434323312263,95,"ambient",95,2.17662420210526,1.98766989473684,0.126699991578947,0.0582094012629287
"119",2011,40,94.17408,3.58736,2.3271325,0,2.21504,0.015,0.033,0.446,102.3036125,5.8024,1,1,1,1,1,1,1,1,1,1,73.7,128.8,95,65.6,210.5,191.9,154.94,123.7,214.12,177.04,143.53,54.7472684250091,38.1434323312263,95,"ambient",95,1.07688013157895,0.991306105263158,0.0244961315789474,0.02274731500806
"131",2011,21,84.084,1.53744,13.3477632,6.80056,1.79972,0.003,0.087,0.257,107.5694832,10.13772,1,1,1,1,1,1,1,1,1,1,73.7,128.8,95,65.6,210.5,191.9,154.94,123.7,214.12,177.04,143.53,54.7472684250091,38.1434323312263,95,"ambient",95,1.13231034947368,0.885094736842105,0.140502770526316,0.12408503604301
"134",2011,39,115.79568,2.04992,5.84197,0,3.461,0.013,0.022,0.46,127.14857,5.51092,1,1,1,1,1,1,1,1,1,1,73.7,128.8,95,65.6,210.5,191.9,154.94,123.7,214.12,177.04,143.53,54.7472684250091,38.1434323312263,95,"ambient",95,1.338406,1.21890189473684,0.0614944210526316,0.0459460141785315
"141",2011,44,106.66656,7.30284,4.974388,0,3.18412,0,0.047,0.306,122.127908,10.48696,1,1,1,1,1,1,1,1,1,1,73.7,128.8,95,65.6,210.5,191.9,154.94,123.7,214.12,177.04,143.53,54.7472684250091,38.1434323312263,95,"ambient",95,1.28555692631579,1.12280589473684,0.0523619789473684,0.0407309687151933
"147",2011,36,41.32128,2.04992,19.4735578,0,1.52284,0,0.068,0.25,64.3675978,3.57276,1,1,1,1,1,1,1,1,1,1,73.7,128.8,95,65.6,210.5,191.9,154.94,123.7,214.12,177.04,143.53,54.7472684250091,38.1434323312263,95,"ambient",95,0.677553661052632,0.434960842105263,0.204984818947368,0.302536656106188
"150",2011,25,37.47744,2.04992,11.1444566,6.80056,0.96908,0.045,0.024,0.444,58.4414566,9.81956,1,1,1,1,1,1,1,1,1,1,73.7,128.8,95,65.6,210.5,191.9,154.94,123.7,214.12,177.04,143.53,54.7472684250091,38.1434323312263,95,"ambient",95,0.615173227368421,0.394499368421053,0.117310069473684,0.190694367463798
"154",2012,31,44.20416,0,10.77712,0,3.461,0,0.045,0.593,58.44228,3.461,1,1,1,1,1,1,1,1,1,1,73.7,128.8,95,65.6,210.5,191.9,154.94,123.7,214.12,177.04,143.53,54.7472684250091,38.1434323312263,65.6,"ambient",65.6,0.890888414634146,0.673843902439024,0.164285365853659,0.184406220975636
"155",2012,39,79.2792,0,5.37292,0,2.90724,0.005,0.025,0.48,87.55936,2.90724,1,1,1,1,1,1,1,1,1,1,73.7,128.8,95,65.6,210.5,191.9,154.94,123.7,214.12,177.04,143.53,54.7472684250091,38.1434323312263,65.6,"ambient",65.6,1.33474634146341,1.2085243902439,0.0819042682926829,0.0613631712246412
"157",2012,20,47.56752,0,18.82244,0,0,0.027,0.133,0.36,66.38996,0,1,1,1,1,1,1,1,1,1,1,73.7,128.8,95,65.6,210.5,191.9,154.94,123.7,214.12,177.04,143.53,54.7472684250091,38.1434323312263,65.6,"ambient",65.6,1.01204207317073,0.725114634146342,0.28692743902439,0.283513350512638
"158",2012,25,36.51648,0,13.67416,0,0,0.024,0.05,0.521,50.19064,0,1,1,1,1,1,1,1,1,1,1,73.7,128.8,95,65.6,210.5,191.9,154.94,123.7,214.12,177.04,143.53,54.7472684250091,38.1434323312263,65.6,"ambient",65.6,0.765101219512195,0.556653658536585,0.20844756097561,0.272444423900552
"171",2012,42,114.35424,0,9.40008,0,0,0.011,0.032,0.359,123.75432,0,1,1,1,1,1,1,1,1,1,1,73.7,128.8,95,65.6,210.5,191.9,154.94,123.7,214.12,177.04,143.53,54.7472684250091,38.1434323312263,65.6,"ambient",65.6,1.88649878048781,1.74320487804878,0.143293902439024,0.0759575908137995
"174",2012,46,90.33024,0,29.82528,0,0,0,0.033,0.245,120.15552,0,1,1,1,1,1,1,1,1,1,1,73.7,128.8,95,65.6,210.5,191.9,154.94,123.7,214.12,177.04,143.53,54.7472684250091,38.1434323312263,65.6,"ambient",65.6,1.83163902439024,1.37698536585366,0.454653658536585,0.248222303894153
"185",2012,40,81.6816,0,2.06016,0,0,0.025,0.028,0.449,83.74176,0,1,1,1,1,1,1,1,1,1,1,73.7,128.8,95,65.6,210.5,191.9,154.94,123.7,214.12,177.04,143.53,54.7472684250091,38.1434323312263,65.6,"ambient",65.6,1.2765512195122,1.24514634146341,0.0314048780487805,0.0246013458518187
"186",2012,44,73.03296,0,5.70316,0,0,0,0.087,0.419,78.73612,0,1,1,1,1,1,1,1,1,1,1,73.7,128.8,95,65.6,210.5,191.9,154.94,123.7,214.12,177.04,143.53,54.7472684250091,38.1434323312263,65.6,"ambient",65.6,1.20024573170732,1.11330731707317,0.0869384146341464,0.0724338461178936
"189",2012,21,119.63952,0,14.77936,0,1.3844,0.002,0.205,0.204,135.80328,1.3844,1,1,1,1,1,1,1,1,1,1,73.7,128.8,95,65.6,210.5,191.9,154.94,123.7,214.12,177.04,143.53,54.7472684250091,38.1434323312263,65.6,"ambient",65.6,2.07017195121951,1.82377317073171,0.22529512195122,0.108829182918115
"192",2012,36,32.67264,0,23.00412,0,0,0,0.083,0.272,55.67676,0,1,1,1,1,1,1,1,1,1,1,73.7,128.8,95,65.6,210.5,191.9,154.94,123.7,214.12,177.04,143.53,54.7472684250091,38.1434323312263,65.6,"ambient",65.6,0.848731097560976,0.498058536585366,0.35067256097561,0.413172749276359
"203",2013,46,96.57648,12.1714,20.86252,0,72.681,0.018,0,0.103,202.2914,84.8524,1,1,1,1,1,1,1,1,1,1,73.7,128.8,95,65.6,210.5,191.9,154.94,123.7,214.12,177.04,143.53,54.7472684250091,38.1434323312263,210.5,"ambient",210.5,0.961004275534442,0.458795629453682,0.0991093586698337,0.103131027814331
"204",2013,42,151.83168,23.44596,15.05752,0,9.13704,0.102,0.021,0.167,199.4722,32.583,1,1,1,1,1,1,1,1,1,1,73.7,128.8,95,65.6,210.5,191.9,154.94,123.7,214.12,177.04,143.53,54.7472684250091,38.1434323312263,210.5,"ambient",210.5,0.947611401425178,0.721290641330166,0.07153216152019,0.0754868096907739
"208",2013,39,130.69056,13.19636,13.14444,0,15.78216,0.051,0.022,0.282,172.81352,28.97852,1,1,1,1,1,1,1,1,1,1,73.7,128.8,95,65.6,210.5,191.9,154.94,123.7,214.12,177.04,143.53,54.7472684250091,38.1434323312263,210.5,"ambient",210.5,0.820966840855107,0.620857767220903,0.0624438954869359,0.0760614100100501
"209",2013,31,94.17408,26.13648,34.51188,0,3.59944,0.042,0.013,0.353,158.42188,29.73592,1,1,1,1,1,1,1,1,1,1,73.7,128.8,95,65.6,210.5,191.9,154.94,123.7,214.12,177.04,143.53,54.7472684250091,38.1434323312263,210.5,"ambient",210.5,0.752598004750594,0.447382802850356,0.163951923990499,0.217847938681197
"210",2013,44,161.44128,14.86192,14.879,0,20.766,0.013,0.013,0.231,211.9482,35.62792,1,1,1,1,1,1,1,1,1,1,73.7,128.8,95,65.6,210.5,191.9,154.94,123.7,214.12,177.04,143.53,54.7472684250091,38.1434323312263,210.5,"ambient",210.5,1.00687980997625,0.766941947743468,0.0706840855106888,0.0702011151781426
"215",2013,20,105.7056,14.86192,21.31116,0,22.42728,0.06,0.032,0.278,164.30596,37.2892,1,1,1,1,1,1,1,1,1,1,73.7,128.8,95,65.6,210.5,191.9,154.94,123.7,214.12,177.04,143.53,54.7472684250091,38.1434323312263,210.5,"ambient",210.5,0.780550878859858,0.502164370546318,0.101240665083135,0.129704120288759
"218",2013,40,101.86176,11.14644,5.9652,0.78468,11.35208,0.148,0.005,0.255,131.11016,23.2832,1,1,1,1,1,1,1,1,1,1,73.7,128.8,95,65.6,210.5,191.9,154.94,123.7,214.12,177.04,143.53,54.7472684250091,38.1434323312263,210.5,"ambient",210.5,0.622851116389549,0.483903847980998,0.028338242280285,0.0454976181861116
"246",2013,25,78.79872,19.34612,26.78348,0,7.89108,0.229,0.011,0.27,132.8194,27.2372,1,1,1,1,1,1,1,1,1,1,73.7,128.8,95,65.6,210.5,191.9,154.94,123.7,214.12,177.04,143.53,54.7472684250091,38.1434323312263,210.5,"ambient",210.5,0.630971021377672,0.374340712589074,0.127237434679335,0.201653372925943
"247",2013,36,48.52848,20.11484,24.91592,0.78468,10.383,0.029,0.011,0.266,104.72692,31.28252,1,1,1,1,1,1,1,1,1,1,73.7,128.8,95,65.6,210.5,191.9,154.94,123.7,214.12,177.04,143.53,54.7472684250091,38.1434323312263,210.5,"ambient",210.5,0.497515059382423,0.230539097387173,0.11836541567696,0.237913231860538
"249",2013,21,119.63952,9.22464,24.96224,0,16.88968,0.046,0.02,0.186,170.71608,26.11432,1,1,1,1,1,1,1,1,1,1,73.7,128.8,95,65.6,210.5,191.9,154.94,123.7,214.12,177.04,143.53,54.7472684250091,38.1434323312263,210.5,"ambient",210.5,0.811002755344418,0.568358764845606,0.118585463182898,0.146220789512037
"253",2014,20,94.17408,57.52588,30.3952,0,4.98384,0.06,0.032,0.278,187.079,62.50972,1,1,1,1,1,1,1,1,1,1,73.7,128.8,95,65.6,210.5,191.9,154.94,123.7,214.12,177.04,143.53,54.7472684250091,38.1434323312263,191.9,"ambient",191.9,0.974877540385617,0.49074559666493,0.15839082855654,0.162472538339418
"257",2014,39,239.27904,13.06824,12.0576,0,10.383,0.022,0.022,0.282,274.78788,23.45124,1,1,1,1,1,1,1,1,1,1,73.7,128.8,95,65.6,210.5,191.9,154.94,123.7,214.12,177.04,143.53,54.7472684250091,38.1434323312263,191.9,"ambient",191.9,1.43193267326733,1.24689442417926,0.0628327253778009,0.0438796645616248
"259",2014,21,242.6424,32.03,28.33852,0,4.8454,0.026,0.02,0.186,307.85632,36.8754,1,1,1,1,1,1,1,1,1,1,73.7,128.8,95,65.6,210.5,191.9,154.94,123.7,214.12,177.04,143.53,54.7472684250091,38.1434323312263,191.9,"ambient",191.9,1.60425388223033,1.26442105263158,0.147673371547681,0.0920511230693591
"268",2014,42,239.75952,39.33284,14.13,0,9.6908,0.133,0.021,0.167,302.91316,49.02364,1,1,1,1,1,1,1,1,1,1,73.7,128.8,95,65.6,210.5,191.9,154.94,123.7,214.12,177.04,143.53,54.7472684250091,38.1434323312263,191.9,"ambient",191.9,1.57849484106305,1.24939822824388,0.0736321000521105,0.0466470324366231
"277",2014,31,142.70256,47.14816,28.33852,0,3.59944,0.092,0.013,0.353,221.78868,50.7476,1,1,1,1,1,1,1,1,1,1,73.7,128.8,95,65.6,210.5,191.9,154.94,123.7,214.12,177.04,143.53,54.7472684250091,38.1434323312263,191.9,"ambient",191.9,1.15575132881709,0.743629807191245,0.147673371547681,0.127772616708842
"281",2014,36,92.25216,40.74216,22.7964,0.78468,8.86016,0.031,0.011,0.266,165.43556,50.387,1,1,1,1,1,1,1,1,1,1,73.7,128.8,95,65.6,210.5,191.9,154.94,123.7,214.12,177.04,143.53,54.7472684250091,38.1434323312263,191.9,"ambient",191.9,0.862092548202189,0.480730380406462,0.118793121417405,0.137796251301715
"288",2014,46,202.28208,42.79208,22.6708,0,10.65988,0.02,0,0.103,278.40484,53.45196,1,1,1,1,1,1,1,1,1,1,73.7,128.8,95,65.6,210.5,191.9,154.94,123.7,214.12,177.04,143.53,54.7472684250091,38.1434323312263,191.9,"ambient",191.9,1.45078082334549,1.05410151120375,0.118138613861386,0.0814310555807866
"293",2014,40,207.56736,24.59904,5.69912,0.78468,9.13704,0.117,0.005,0.255,247.78724,34.52076,1,1,1,1,1,1,1,1,1,1,73.7,128.8,95,65.6,210.5,191.9,154.94,123.7,214.12,177.04,143.53,54.7472684250091,38.1434323312263,191.9,"ambient",191.9,1.29123105784263,1.08164335591454,0.0296983845752996,0.0230000544015099
"295",2014,25,155.67552,16.52748,12.3088,0,5.81448,0.119,0.011,0.27,190.32628,22.34196,1,1,1,1,1,1,1,1,1,1,73.7,128.8,95,65.6,210.5,191.9,154.94,123.7,214.12,177.04,143.53,54.7472684250091,38.1434323312263,191.9,"ambient",191.9,0.991799270453361,0.811232516935904,0.0641417404898385,0.0646720988819831
"296",2014,44,230.14992,33.82368,10.6132,0,4.98384,0.013,0.013,0.231,279.57064,38.80752,1,1,1,1,1,1,1,1,1,1,73.7,128.8,95,65.6,210.5,191.9,154.94,123.7,214.12,177.04,143.53,54.7472684250091,38.1434323312263,191.9,"ambient",191.9,1.45685586242835,1.19932214695154,0.0553058884835852,0.0379624984941194
"302",2015,25,75.43536,0,14.99672,0,1.10752,0.064,0.098,0.662,91.5396,1.10752,1,1,1,1,1,1,1,1,1,1,73.7,128.8,95,65.6,210.5,191.9,154.94,123.7,214.12,177.04,143.53,54.7472684250091,38.1434323312263,154.94,"ambient",154.94,0.59080676390861,0.48686820704789,0.0967904995482122,0.163827676765028
"306",2015,46,96.57648,0,25.81132,0,0,0.01,0.122,0.264,122.3878,0,1,1,1,1,1,1,1,1,1,1,73.7,128.8,95,65.6,210.5,191.9,154.94,123.7,214.12,177.04,143.53,54.7472684250091,38.1434323312263,154.94,"ambient",154.94,0.789904479153221,0.623315347876597,0.166589131276623,0.21089781824659
"311",2015,44,124.44432,0,9.57448,0,0,0.016,0.153,0.32,134.0188,0,1,1,1,1,1,1,1,1,1,1,73.7,128.8,95,65.6,210.5,191.9,154.94,123.7,214.12,177.04,143.53,54.7472684250091,38.1434323312263,154.94,"ambient",154.94,0.864972247321544,0.803177488059894,0.0617947592616497,0.0714413201729907
"312",2015,20,72.072,0,23.06244,0,3.461,0.035,0.235,0.303,98.59544,3.461,1,1,1,1,1,1,1,1,1,1,73.7,128.8,95,65.6,210.5,191.9,154.94,123.7,214.12,177.04,143.53,54.7472684250091,38.1434323312263,154.94,"ambient",154.94,0.636345940364012,0.465160707370595,0.148847553891829,0.233909803536553
"313",2015,21,150.39024,0,19.18812,0,2.7688,0.005,0.281,0.201,172.34716,2.7688,1,1,1,1,1,1,1,1,1,1,73.7,128.8,95,65.6,210.5,191.9,154.94,123.7,214.12,177.04,143.53,54.7472684250091,38.1434323312263,154.94,"ambient",154.94,1.11234774751517,0.970635342713308,0.123842261520589,0.111334123521386
"316",2015,36,61.02096,0,21.52732,0,0,0,0.211,0.368,82.54828,0,1,1,1,1,1,1,1,1,1,1,73.7,128.8,95,65.6,210.5,191.9,154.94,123.7,214.12,177.04,143.53,54.7472684250091,38.1434323312263,154.94,"ambient",154.94,0.532775784174519,0.39383606557377,0.138939718600749,0.260784597813546
"328",2015,31,84.084,0,27.1732,0,0,0.026,0.166,0.412,111.2572,0,1,1,1,1,1,1,1,1,1,1,73.7,128.8,95,65.6,210.5,191.9,154.94,123.7,214.12,177.04,143.53,54.7472684250091,38.1434323312263,154.94,"ambient",154.94,0.718066348263844,0.542687491932361,0.175378856331483,0.244237676303197
"331",2015,39,98.4984,0,14.72176,0,0,0.028,0.159,0.344,113.22016,0,1,1,1,1,1,1,1,1,1,1,73.7,128.8,95,65.6,210.5,191.9,154.94,123.7,214.12,177.04,143.53,54.7472684250091,38.1434323312263,154.94,"ambient",154.94,0.730735510520201,0.63571963340648,0.0950158771137214,0.130027726510897
"337",2015,42,71.59152,0,6.58384,0,0.96908,0,0.38,0.143,79.14444,0.96908,1,1,1,1,1,1,1,1,1,1,73.7,128.8,95,65.6,210.5,191.9,154.94,123.7,214.12,177.04,143.53,54.7472684250091,38.1434323312263,154.94,"ambient",154.94,0.510807022073061,0.462059635988124,0.0424928359364916,0.0831876503264159
"347",2015,40,85.04496,0,11.06888,0,0,0.013,0.135,0.385,96.11384,0,1,1,1,1,1,1,1,1,1,1,73.7,128.8,95,65.6,210.5,191.9,154.94,123.7,214.12,177.04,143.53,54.7472684250091,38.1434323312263,154.94,"ambient",154.94,0.620329417839164,0.548889634697302,0.0714397831418614,0.115164267705879
"354",2016,44,64.75459806816,0,10.5463808,0,0.23073337948,0.009174312,0.229892966,0.47,75.53171224764,0.23073337948,1,1,1,1,1,1,1,1,1,1,73.7,128.8,95,65.6,210.5,191.9,154.94,123.7,214.12,177.04,143.53,54.7472684250091,38.1434323312263,123.7,"ambient",123.7,0.610603979366532,0.523480986808084,0.0852577267582862,0.139628514780949
"355",2016,39,73.95118082352,0,11.96811,0,0,0.006633499,0.138851041,0.411351489,85.91929082352,0,1,1,1,1,1,1,1,1,1,1,73.7,128.8,95,65.6,210.5,191.9,154.94,123.7,214.12,177.04,143.53,54.7472684250091,38.1434323312263,123.7,"ambient",123.7,0.694577937134357,0.597826845784317,0.0967510913500404,0.139294794978962
"358",2016,25,33.6336,2.5624,10.9944588,0,2.99953337948,0.025,0.075,0.638333333,50.18999217948,5.56193337948,1,1,1,1,1,1,1,1,1,1,73.7,128.8,95,65.6,210.5,191.9,154.94,123.7,214.12,177.04,143.53,54.7472684250091,38.1434323312263,123.7,"ambient",123.7,0.405739629583509,0.271896523848019,0.0888800226354082,0.219056794443874
"371",2016,42,46.06955296944,0.85413337604,5.10093,0,4.37940916028,0,0.217712418,0.467777778,56.40402550576,5.23354253632,1,1,1,1,1,1,1,1,1,1,73.7,128.8,95,65.6,210.5,191.9,154.94,123.7,214.12,177.04,143.53,54.7472684250091,38.1434323312263,123.7,"ambient",123.7,0.455974337152466,0.372429692558125,0.041236297493937,0.0904355665089736
"373",2016,21,52.86068852064,0.21678506164,9.6760827,0,1.61653646888,0.011551155,0.427472148,0.256091119,64.37009275116,1.83332153052,1,1,1,1,1,1,1,1,1,1,73.7,128.8,95,65.6,210.5,191.9,154.94,123.7,214.12,177.04,143.53,54.7472684250091,38.1434323312263,123.7,"ambient",123.7,0.520372617228456,0.427329737434438,0.0782221721907842,0.150319539501139
"380",2016,46,72.54783760224,0,29.2040253,0,0,0,0.100257649,0.339677939,101.75186290224,0,1,1,1,1,1,1,1,1,1,1,73.7,128.8,95,65.6,210.5,191.9,154.94,123.7,214.12,177.04,143.53,54.7472684250091,38.1434323312263,123.7,"ambient",123.7,0.82256962734228,0.586482114811964,0.236087512530315,0.287012192868236
"389",2016,20,52.48801574016,0,15.5062149,0,0.6592381282,0.019279907,0.156101566,0.574967627,68.65346876836,0.6592381282,1,1,1,1,1,1,1,1,1,1,73.7,128.8,95,65.6,210.5,191.9,154.94,123.7,214.12,177.04,143.53,54.7472684250091,38.1434323312263,123.7,"ambient",123.7,0.554999747521099,0.424317022960065,0.125353394502829,0.225862074825654
"393",2016,31,43.90854131664,0.6406,13.2451166,0,0,0.05,0.123200663,0.565953566,57.79425791664,0.6406,1,1,1,1,1,1,1,1,1,1,73.7,128.8,95,65.6,210.5,191.9,154.94,123.7,214.12,177.04,143.53,54.7472684250091,38.1434323312263,123.7,"ambient",123.7,0.467213079358448,0.354959913634923,0.107074507679871,0.229177033799866
"395",2016,36,32.195391228,0.41869282888,13.2017375,2.52714982416,2.71450978492,0,0.366309558,0.428518045,51.05748116596,5.66035243796,1,1,1,1,1,1,1,1,1,1,73.7,128.8,95,65.6,210.5,191.9,154.94,123.7,214.12,177.04,143.53,54.7472684250091,38.1434323312263,123.7,"ambient",123.7,0.412752475068391,0.260269937170574,0.106723827809216,0.258566172841319
"399",2016,40,61.05528645216,0.20934641444,5.024,0,0.45241832056,0.011666667,0.204309843,0.433212645,66.74105118716,0.661764735,1,1,1,1,1,1,1,1,1,1,73.7,128.8,95,65.6,210.5,191.9,154.94,123.7,214.12,177.04,143.53,54.7472684250091,38.1434323312263,123.7,"ambient",123.7,0.53953962156152,0.493575476573646,0.0406143896523848,0.0752760094519839
"402",2017,39,95.91983248848,9.68488470728,26.114438,0,4.9744454616,0.065075548,0,0,136.69360065736,14.65933016888,1,1,1,1,1,1,1,1,1,1,73.7,128.8,95,65.6,210.5,191.9,154.94,123.7,214.12,177.04,143.53,54.7472684250091,38.1434323312263,289.56,"ambient",214.12,0.638397163540818,0.447972316871287,0.121961694376985,0.191043603171001
"405",2017,40,152.46399984816,2.7003647408,11.0688768,0.79260605268,2.2736222704,0.053030303,0,0,169.29946971204,5.76659306388,1,1,1,1,1,1,1,1,1,1,73.7,128.8,95,65.6,210.5,191.9,154.94,123.7,214.12,177.04,143.53,54.7472684250091,38.1434323312263,289.56,"ambient",214.12,0.790675647823837,0.712049317430226,0.0516947356622455,0.0653804575928499
"414",2017,21,76.55888223984,12.1212038652,23.22344,0,16.63227075536,0.023937949,0,0,128.5357968604,28.75347462056,1,1,1,1,1,1,1,1,1,1,73.7,128.8,95,65.6,210.5,191.9,154.94,123.7,214.12,177.04,143.53,54.7472684250091,38.1434323312263,289.56,"ambient",214.12,0.600297949095834,0.357551290116944,0.108459929011769,0.18067682752395
"419",2017,46,96.77460977184,14.00747887972,28.1174597,0,23.08048920464,0.016471651,0,0,161.9800375562,37.08796808436,1,1,1,1,1,1,1,1,1,1,73.7,128.8,95,65.6,210.5,191.9,154.94,123.7,214.12,177.04,143.53,54.7472684250091,38.1434323312263,289.56,"ambient",214.12,0.756491862302447,0.45196436471063,0.13131636325425,0.173585956172189
"421",2017,25,136.74234878304,7.55087250468,14.5188576,0,11.89890304848,0.197190096,0,0,170.7109819362,19.44977555316,1,1,1,1,1,1,1,1,1,1,73.7,128.8,95,65.6,210.5,191.9,154.94,123.7,214.12,177.04,143.53,54.7472684250091,38.1434323312263,289.56,"ambient",214.12,0.797267802803101,0.638624830856716,0.0678071062955352,0.0850493473549707
"423",2017,42,65.8562512608,22.09586872292,13.6266737,0,46.51915093104,0.019533904,0,0,148.09794461476,68.61501965396,1,1,1,1,1,1,1,1,1,1,73.7,128.8,95,65.6,210.5,191.9,154.94,123.7,214.12,177.04,143.53,54.7472684250091,38.1434323312263,289.56,"ambient",214.12,0.691658624204932,0.307567024382589,0.063640359144405,0.0920112276739992
"426",2017,31,64.6787557416,24.27809286588,45.2722688,0,1.66873803968,0.116026936,0,0,135.89785544716,25.94683090556,1,1,1,1,1,1,1,1,1,1,73.7,128.8,95,65.6,210.5,191.9,154.94,123.7,214.12,177.04,143.53,54.7472684250091,38.1434323312263,289.56,"ambient",214.12,0.634680811914627,0.302067792553708,0.211434096768167,0.333134534397438
"429",2017,44,79.3656119256,14.93835370148,12.4369277,0,5.99137738604,0.017525215,0,0,112.73227071312,20.92973108752,1,1,1,1,1,1,1,1,1,1,73.7,128.8,95,65.6,210.5,191.9,154.94,123.7,214.12,177.04,143.53,54.7472684250091,38.1434323312263,289.56,"ambient",214.12,0.526491083098823,0.370659498998692,0.058083914160284,0.110322693061416
"430",2017,36,68.55344544048,14.57846000916,64.87711,3.84082236928,12.17865844728,0.001494768,0,0,164.0284962662,30.59794082572,1,1,1,1,1,1,1,1,1,1,73.7,128.8,95,65.6,210.5,191.9,154.94,123.7,214.12,177.04,143.53,54.7472684250091,38.1434323312263,289.56,"ambient",214.12,0.76605873466374,0.320163671961891,0.302994162152064,0.395523408900315
"440",2017,20,52.5314165376,9.57111389104,32.7913026,0,18.05462186632,0.070005746,0,0,112.94845489496,27.62573575736,1,1,1,1,1,1,1,1,1,1,73.7,128.8,95,65.6,210.5,191.9,154.94,123.7,214.12,177.04,143.53,54.7472684250091,38.1434323312263,289.56,"ambient",214.12,0.527500723402578,0.245336337276294,0.153144510554829,0.290320948883235
"460",2018,31,29.08648478736,0,36.0240111,0,0,0,0,0,65.11049588736,0,1,1,1,1,1,1,1,1,1,1,73.7,128.8,95,65.6,210.5,191.9,154.94,123.7,214.12,177.04,143.53,54.7472684250091,38.1434323312263,167.13,"ambient",177.04,0.367772796471758,0.164293294099413,0.203479502372345,0.553275022852243
"463",2018,44,40.18360233888,0,22.3402836,0,0,0,0,0,62.52388593888,0,1,1,1,1,1,1,1,1,1,1,73.7,128.8,95,65.6,210.5,191.9,154.94,123.7,214.12,177.04,143.53,54.7472684250091,38.1434323312263,167.13,"ambient",177.04,0.353162482709444,0.22697470819521,0.126187774514234,0.35730798341355
"466",2018,39,40.47785645904,0,34.3015641,0,0,0.002949853,0,0,74.77942055904,0,1,1,1,1,1,1,1,1,1,1,73.7,128.8,95,65.6,210.5,191.9,154.94,123.7,214.12,177.04,143.53,54.7472684250091,38.1434323312263,167.13,"ambient",177.04,0.42238714730592,0.22863678524085,0.19375036206507,0.458703261453038
"473",2018,36,26.68705991952,0,65.8450464,0,0,0,0,0,92.53210631952,0,1,1,1,1,1,1,1,1,1,1,73.7,128.8,95,65.6,210.5,191.9,154.94,123.7,214.12,177.04,143.53,54.7472684250091,38.1434323312263,167.13,"ambient",177.04,0.522662145953005,0.150740284226841,0.371921861726164,0.711591349413709
"485",2018,42,41.84916752016,0,12.45952,0,0,0,0,0,54.30868752016,0,1,1,1,1,1,1,1,1,1,1,73.7,128.8,95,65.6,210.5,191.9,154.94,123.7,214.12,177.04,143.53,54.7472684250091,38.1434323312263,167.13,"ambient",177.04,0.306759418889291,0.236382554903751,0.07037686398554,0.229420385005159
"486",2018,21,40.88448572208,0,17.2019248,0,0,0.020800801,0,0,58.08641052208,0,1,1,1,1,1,1,1,1,1,1,73.7,128.8,95,65.6,210.5,191.9,154.94,123.7,214.12,177.04,143.53,54.7472684250091,38.1434323312263,167.13,"ambient",177.04,0.328097664494352,0.230933606654315,0.0971640578400362,0.296143704618504
"488",2018,40,40.27567095552,0,14.245866,0,0,0.006006006,0,0,54.52153695552,0,1,1,1,1,1,1,1,1,1,1,73.7,128.8,95,65.6,210.5,191.9,154.94,123.7,214.12,177.04,143.53,54.7472684250091,38.1434323312263,167.13,"ambient",177.04,0.307961686373249,0.22749475234704,0.0804669340262088,0.26128878229574
"490",2018,46,33.57348522528,0,80.0072,0,0,0.004504505,0,0,113.58068522528,0,1,1,1,1,1,1,1,1,1,1,73.7,128.8,95,65.6,210.5,191.9,154.94,123.7,214.12,177.04,143.53,54.7472684250091,38.1434323312263,167.13,"ambient",177.04,0.641553802673294,0.189637851475825,0.45191595119747,0.704408499044629
"492",2018,20,23.49013338672,0,41.7514496,0,0,0.027826087,0,0,65.24158298672,0,1,1,1,1,1,1,1,1,1,1,73.7,128.8,95,65.6,210.5,191.9,154.94,123.7,214.12,177.04,143.53,54.7472684250091,38.1434323312263,167.13,"ambient",177.04,0.368513234222323,0.132682633228197,0.235830600994126,0.639951510810192
"497",2018,25,17.07321007392,0,22.1339385,0,0,0.004385965,0,0,39.20714857392,0,1,1,1,1,1,1,1,1,1,1,73.7,128.8,95,65.6,210.5,191.9,154.94,123.7,214.12,177.04,143.53,54.7472684250091,38.1434323312263,167.13,"ambient",177.04,0.221459266685043,0.0964370203000452,0.125022246384998,0.564538338162219
